{"count":1,"self":2329.2448768,"total":7656.4080638999994,"children":{"InitializeActuators":{"count":8,"self":0.0010073,"total":0.0010073,"children":null},"InitializeSensors":{"count":8,"self":0.0009998,"total":0.0009998,"children":null},"AgentSendState":{"count":1981401,"self":12.8503128,"total":51.8873319,"children":{"CollectObservations":{"count":3962808,"self":11.279259999999999,"total":11.279259699999999,"children":null},"WriteActionMask":{"count":3962808,"self":1.9081583999999998,"total":1.9081583999999998,"children":null},"RequestDecision":{"count":3962808,"self":7.5352663999999994,"total":25.849600799999997,"children":{"AgentInfo.ToProto":{"count":3962808,"self":6.7764352,"total":18.3143343,"children":{"GenerateSensorData":{"count":3962808,"self":11.5378992,"total":11.5378993,"children":null}}}}}}},"DecideAction":{"count":1981401,"self":5198.2016512,"total":5198.2018189,"children":null},"AgentAct":{"count":1981401,"self":77.057305599999992,"total":77.0709839,"children":{"AgentInfo.ToProto":{"count":3168,"self":0.0067427999999999993,"total":0.0136782,"children":{"GenerateSensorData":{"count":3168,"self":0.0069353999999999996,"total":0.0069353999999999996,"children":null}}}}}},"gauges":{"NICO.CumulativeReward":{"count":3168,"max":-3927.11743,"min":-14615.5986,"runningAverage":-7084.12158,"value":-5303.5083,"weightedAverage":-5886.719}},"metadata":{"timer_format_version":"0.1.0","start_time_seconds":"1740347800","unity_version":"2022.3.4f1","command_line_arguments":"C:\\Program Files\\Unity\\Hub\\Editor\\2022.3.4f1\\Editor\\Unity.exe -projectpath C:\\Users\\tomin\\OneDrive\\Desktop\\Matfyz UK\\01_DIPLOMOVKA\\nico_unity\\NICO-master\\NICO_articulation_body -useHub -hubIPC -cloudEnvironment production -licensingIpc LicenseClient-tomin -hubSessionId fed15906-9f61-4690-9ed2-2b8ac077ba4c -accessToken wqvR8MsurMP1hcz1Xoj9N0qdHjRSy9yTNJ9vOiuCFqI007f","communication_protocol_version":"1.5.0","com.unity.ml-agents_version":"2.0.1","scene_name":"With RL with multiple TomasAgent","end_time_seconds":"1740355456"}}